cntry_code,cntry_name,market_value_residence_2003,market_value_nationality_2003,mv_difference_nat_vs_res_2003,market_value_residence_2004,market_value_nationality_2004,mv_difference_nat_vs_res_2004,market_value_residence_2005,market_value_nationality_2005,mv_difference_nat_vs_res_2005,market_value_residence_2006,market_value_nationality_2006,mv_difference_nat_vs_res_2006,market_value_residence_2007,market_value_nationality_2007,mv_difference_nat_vs_res_2007,market_value_residence_2008,market_value_nationality_2008,mv_difference_nat_vs_res_2008,market_value_residence_2009,market_value_nationality_2009,mv_difference_nat_vs_res_2009,market_value_residence_2010,market_value_nationality_2010,mv_difference_nat_vs_res_2010,market_value_residence_2011,market_value_nationality_2011,mv_difference_nat_vs_res_2011,market_value_residence_2012,market_value_nationality_2012,mv_difference_nat_vs_res_2012,market_value_residence_2013,market_value_nationality_2013,mv_difference_nat_vs_res_2013,market_value_residence_2014,market_value_nationality_2014,mv_difference_nat_vs_res_2014,market_value_residence_2015,market_value_nationality_2015,mv_difference_nat_vs_res_2015,market_value_residence_2016,market_value_nationality_2016,mv_difference_nat_vs_res_2016,market_value_residence_2017,market_value_nationality_2017,mv_difference_nat_vs_res_2017,market_value_residence_2018,market_value_nationality_2018,mv_difference_nat_vs_res_2018,market_value_residence_2019,market_value_nationality_2019,mv_difference_nat_vs_res_2019,market_value_residence_2020,market_value_nationality_2020,mv_difference_nat_vs_res_2020
1007,UNITED STATES,0,66468,66468,0,103963,103963,0,105657,105657,0,159122,159122,0,250508,250508,0,193156,193156,0,220177,220177,0,179307,179307,0,208329,208329,0,192407,192407,0,215423,215423,0,286358,286358,0,344181,344181,0,383651,383651,0,434404,434404,0,465710,465710,0,505661,505661,0,529363,529363
10103,ANDORRA,0,0,0,0,0,0,0,0,0,0,0,0,0,0,0,0,0,0,0,0,0,0,0,0,0,0,0,1,1,0,1,1,0,0,0,0,0,0,0,0,0,0,0,0,0,0,0,0,0,0,0,0,0,0
10189,AUSTRIA,3174,3394,220,2654,2853,199,2933,2864,-69,3569,3626,57,3666,3599,-67,3094,2984,-109,3622,3522,-100,3615,3533,-82,3713,4017,305,3514,3819,305,5014,4620,-394,5568,4992,-577,4021,3359,-662,4288,3784,-504,5545,5007,-538,7580,9145,1565,7970,7100,-870,8613,7997,-616
10251,BELGIUM,2277,2258,-19,2647,2360,-287,1984,2162,178,2475,2783,308,2396,2703,306,3271,3342,71,4586,4766,180,2734,2943,209,2406,2833,427,2866,3260,394,10529,10888,358,3616,4334,718,3224,3701,477,3578,3455,-122,3999,3972,-28,3195,2970,-225,3419,3510,91,4025,4105,79
10405,CYPRUS,0,0,0,8,8,0,59,59,0,51,51,0,292,200,-92,99,53,-46,88,59,-29,85,55,-29,226,178,-48,202,161,-41,345,329,-16,247,245,-3,275,275,0,248,248,0,230,230,0,311,118,-193,199,185,-15,128,104,-24
10502,DENMARK,8438,8438,0,6900,6925,25,7748,7723,-25,10637,10416,-222,11527,11939,411,9311,9722,411,5883,6146,263,6965,6966,1,5796,6178,382,4058,4461,403,4667,4654,-13,6332,6337,5,6924,6880,-45,11434,11434,0,19829,19829,0,8585,8728,142,12477,12627,150,13917,14169,252
10545,GREENLAND,0,0,0,0,0,0,0,0,0,0,0,0,0,0,0,0,0,0,0,0,0,0,0,0,0,0,0,0,0,0,0,0,0,0,0,0,40,40,0,49,49,0,56,56,0,178,49,-130,161,52,-109,213,48,-165
10618,FAROE ISLANDS,0,0,0,0,0,0,0,0,0,0,0,0,0,0,0,0,0,0,0,0,0,0,0,0,0,0,0,0,0,0,0,0,0,0,0,0,0,0,0,62,62,0,461,461,0,433,433,0,463,463,0,482,482,0
10707,FINLAND,3315,3318,3,3102,3134,33,2878,2906,28,2785,3690,905,2934,2990,56,2165,2154,-11,3073,3073,0,2545,2545,0,2237,2237,0,2438,2438,0,1895,1895,0,2940,2936,-5,2656,2540,-116,2679,3580,901,4009,4256,247,7137,4467,-2669,10062,4129,-5933,8989,4382,-4606
10804,FRANCE,25811,29515,3704,24273,26351,2078,28557,32066,3509,38095,39671,1576,47813,52028,4215,35028,38727,3699,54474,63043,8570,56141,65825,9684,64215,74636,10421,71955,81902,9947,75663,87684,12021,91848,103897,12049,85287,94023,8736,90748,96820,6072,92502,100185,7683,102117,108634,6517,117316,120450,3133,129653,136313,6660
11002,GERMANY,18664,33506,14842,22229,40722,18493,20538,38651,18112,28050,52738,24689,32060,64568,32508,31477,56936,25458,35491,66622,31131,32986,62443,29457,36190,66501,30311,35085,69325,34240,41198,73372,32174,35204,70488,35284,33702,65467,31765,38792,65152,26360,49695,80135,30440,43519,71875,28356,39493,65348,25855,52704,76021,23317
11088,GIBRALTAR,10,10,0,0,0,0,0,0,0,0,0,0,0,0,0,0,0,0,0,0,0,19,19,0,0,0,0,2,0,-2,9,0,-9,0,0,0,0,0,0,0,0,0,0,0,0,0,0,0,69,69,0,75,75,0
11207,GREECE,249,336,87,194,208,13,139,187,48,218,592,373,193,655,462,168,350,183,56,831,775,46,907,860,155,876,721,216,1036,820,529,1703,1174,785,1787,1003,776,1413,637,584,1194,610,153,799,646,163,712,550,426,765,339,120,378,258
11304,ICELAND,20,20,0,27,27,0,2846,2846,0,5879,5969,90,7045,7045,0,1280,1280,0,1062,1076,13,1113,1113,0,592,592,0,501,516,15,475,491,16,480,480,0,819,819,0,1308,1308,0,1306,1306,0,1145,1145,0,1389,1523,133,1736,1751,15
11401,IRELAND,7751,6525,-1226,12982,8906,-4076,14738,11054,-3684,37710,19784,-17926,49681,26788,-22893,22221,11451,-10770,24835,12166,-12670,25383,12072,-13311,29419,12125,-17294,35164,16009,-19155,38994,16210,-22784,45884,23120,-22764,53510,18985,-34524,64352,21928,-42424,67648,27732,-39916,69106,32504,-36603,75924,40906,-35017,77421,42451,-34970
11509,ITALY,7332,9975,2643,4547,12282,7735,2888,12354,9466,3165,26203,23038,3739,28936,25196,3804,15916,12112,3362,25567,22205,3806,22904,19099,5379,19942,14564,7150,22271,15121,10852,23502,12650,13843,25685,11843,12713,23482,10769,9679,19772,10093,17029,27214,10185,17862,26882,9019,20498,30958,10460,23144,34779,11635
11606,LIECHTENSTEIN,0,0,0,0,0,0,0,0,0,2,2,0,10,10,0,9,9,0,10,10,0,0,0,0,0,0,0,0,0,0,0,0,0,1,1,0,1,1,0,1,1,0,1,1,0,1,1,0,1,1,0,0,0,0
11703,LUXEMBOURG,15002,2804,-12198,26515,4777,-21738,29277,4455,-24822,37087,7735,-29352,43815,6894,-36921,36513,6253,-30260,56856,4095,-52761,64451,5112,-59339,60661,4244,-56417,71976,9816,-62160,75328,14635,-60693,84349,17858,-66491,80637,11447,-69190,74638,12048,-62590,70430,12859,-57571,62543,12815,-49728,70833,18410,-52423,61559,17723,-43836
11819,MALTA,19,19,0,16,16,0,96,96,0,73,73,0,71,71,0,88,88,0,69,69,0,87,74,-13,99,83,-16,121,106,-15,145,144,-1,630,630,0,178,178,0,168,168,0,445,445,0,173,169,-4,249,225,-25,218,218,0
12009,MONACO,0,0,0,0,0,0,0,0,0,0,0,0,0,0,0,0,0,0,0,0,0,0,0,0,0,0,0,0,0,0,0,0,0,0,0,0,0,0,0,0,0,0,19,87,68,0,76,76,0,94,94,0,91,91
12106,NETHERLANDS,48922,27547,-21375,49989,26169,-23820,48415,27388,-21027,63268,31895,-31373,72109,33021,-39088,71272,35580,-35692,101202,63497,-37705,100104,64501,-35602,105512,68434,-37078,121676,74330,-47346,131134,77640,-53494,136258,76566,-59692,135107,74270,-60838,159005,68866,-90139,174576,74614,-99963,170291,78507,-91783,178921,82857,-96064,184373,87800,-96574
12203,NORWAY,7019,7373,354,8775,9181,405,8043,8276,233,12534,12782,249,12577,12993,416,7554,7777,223,11153,11419,265,16276,16525,250,22274,22472,198,26029,26846,817,29873,30940,1067,28597,29157,561,23393,23538,146,21247,21402,155,22582,22897,316,19368,19812,444,20730,20828,98,26203,26133,-69
12319,PORTUGAL,122,411,289,270,529,259,402,516,113,214,1050,836,1624,4192,2568,365,2042,1678,611,3267,2656,234,2418,2184,309,2522,2213,234,2059,1825,278,2160,1882,1376,3386,2010,505,2213,1708,527,1757,1230,393,2344,1951,466,1908,1442,538,1480,942,684,1639,954
12408,SAN MARINO,0,0,0,0,0,0,0,0,0,0,0,0,0,0,0,0,0,0,0,0,0,0,0,0,0,0,0,0,0,0,0,0,0,0,0,0,0,0,0,0,0,0,0,0,0,0,0,0,0,0,0,0,0,0
12505,SPAIN,1009,8414,7404,1243,9489,8246,2578,9259,6681,21215,27571,6356,35203,41842,6639,23409,29774,6364,23867,31499,7632,19624,25108,5485,18676,24062,5386,17485,24030,6546,17792,24932,7140,17328,24694,7366,13823,23079,9255,10367,23405,13038,16636,29789,13154,20802,36626,15824,22152,37137,14985,27232,42139,14907
12602,SWEDEN,7436,7931,496,9051,9563,512,11798,11831,33,17710,17035,-676,21805,21825,20,14835,15052,217,17705,17781,76,23772,23939,167,27149,27218,69,23766,24111,344,33611,33658,47,34151,34204,52,28287,28548,261,26215,25431,-784,35403,35258,-144,31851,34459,2608,26342,31834,5492,25266,29443,4177
12688,SWITZERLAND,668,5924,5256,1378,8383,7005,1420,8014,6595,1028,10236,9209,2500,16872,14371,2923,17655,14731,5311,22197,16886,4599,24230,19630,3643,28618,24975,5165,34224,29058,6199,33030,26831,7768,35856,28088,8165,39822,31656,8074,43141,35067,19156,57422,38266,22673,63268,40595,37406,65147,27741,39360,63503,24143
12807,TURKEY,120,197,77,308,453,145,159,559,401,111,1165,1054,281,1295,1014,1977,2658,681,67,954,887,277,1025,748,728,1297,569,2498,2978,481,3137,3878,741,3754,4373,620,3078,3658,580,3075,3466,392,4017,4929,912,4021,4151,130,3918,3923,4,3300,3229,-72
13005,UNITED KINGDOM,126721,124268,-2452,156417,158453,2036,168218,171781,3563,223929,234128,10199,246030,258694,12664,167733,180568,12835,225270,231915,6646,232213,233526,1313,253552,260368,6816,261086,271977,10891,264370,275046,10676,275060,282717,7657,258791,272450,13660,247945,281206,33262,284526,306084,21558,322856,337124,14268,359296,379496,20200,374859,397924,23065
13006,GUERNSEY,713,306,-406,542,137,-405,597,50,-547,772,393,-379,2572,40,-2531,967,21,-946,1333,25,-1308,2985,17,-2969,3674,8,-3666,4254,442,-3812,4469,759,-3710,5056,905,-4150,10460,840,-9620,12851,836,-12015,12980,727,-12253,10665,918,-9747,11341,1222,-10119,10990,1575,-9416
13007,JERSEY,4255,396,-3859,6558,721,-5837,8234,960,-7274,9899,1641,-8257,12240,947,-11293,7697,654,-7043,13208,1301,-11907,12313,1260,-11053,9058,1192,-7867,9486,1643,-7843,9286,1313,-7973,8543,1414,-7129,11315,1289,-10026,14582,1922,-12660,14850,2382,-12469,14897,2466,-12430,8579,2523,-6056,10142,3217,-6924
13008,ISLE OF MAN,0,0,0,15,15,0,26,10,-16,28,28,0,149,30,-119,165,19,-147,189,41,-148,759,41,-717,988,23,-966,1454,58,-1396,1672,306,-1366,1661,303,-1358,1136,303,-833,1110,346,-764,1202,344,-858,469,309,-160,1277,407,-871,1181,505,-676
13102,HOLY SEE (VATICAN CITY),0,0,0,0,0,0,0,0,0,0,0,0,0,0,0,0,0,0,0,0,0,0,0,0,0,0,0,0,0,0,0,0,0,0,0,0,0,0,0,0,0,0,0,0,0,0,0,0,0,0,0,0,0,0
13218,SERBIA,15,15,0,1,1,0,0,0,0,7,7,0,12,12,0,2,2,0,3,3,0,3,3,0,1,1,0,35,35,0,90,90,0,0,0,0,13,13,0,1,1,0,2,2,0,6,6,0,201,193,-8,18,18,0
13471,KOSOVO,0,0,0,0,0,0,0,0,0,0,0,0,0,0,0,0,0,0,0,0,0,0,0,0,0,0,0,0,0,0,0,0,0,0,0,0,0,0,0,0,0,0,0,0,0,0,0,0,0,0,0,0,0,0
13625,MONTENEGRO,0,0,0,0,0,0,0,0,0,0,0,0,0,0,0,0,0,0,0,0,0,0,0,0,0,0,0,0,0,0,0,0,0,0,0,0,0,0,0,0,0,0,0,0,0,0,0,0,0,0,0,0,0,0
14109,BOSNIA AND HERZEGOVINA,1,1,0,0,0,0,0,0,0,0,0,0,0,0,0,0,0,0,0,0,0,0,0,0,0,0,0,0,0,0,0,0,0,0,0,0,0,0,0,1,1,0,1,1,0,3,3,0,1,1,0,1,1,0
14214,CROATIA,6,6,0,12,12,0,9,9,0,13,13,0,14,14,0,1,1,0,11,11,0,10,10,0,14,14,0,431,431,0,330,330,0,133,133,0,264,264,0,154,154,0,66,66,0,75,75,0,64,56,-8,44,44,0
14338,SLOVENIA,1,1,0,0,0,0,0,0,0,0,0,0,0,0,0,0,0,0,0,0,0,3,3,0,3,3,0,1,1,0,18,18,0,48,1,-47,92,56,-36,42,42,0,37,1,-37,205,1,-204,142,37,-105,139,44,-95
14419,MACEDONIA,7,7,0,7,7,0,7,7,0,0,0,0,0,0,0,0,0,0,0,0,0,0,0,0,0,0,0,0,0,0,0,0,0,0,0,0,0,0,0,1,1,0,1,1,0,55,55,0,0,0,0,0,0,0
15105,ALBANIA,0,0,0,0,0,0,0,0,0,0,0,0,1,1,0,0,0,0,0,0,0,0,0,0,0,0,0,13,13,0,0,0,0,0,0,0,0,0,0,5,5,0,3,3,0,14,1,-13,8,0,-8,4,4,0
15202,BULGARIA,1,1,0,0,0,0,0,0,0,33,56,23,5,39,34,2,7,6,4,5,2,3,3,0,0,1,1,0,1,1,21,21,0,27,27,0,35,35,0,16,16,0,24,24,0,66,66,0,12,12,0,6,6,0
15288,CZECH REPUBLIC,35,62,27,23,61,38,0,35,35,9,35,26,46,46,0,34,34,0,13,13,0,71,71,0,213,90,-123,601,480,-121,563,433,-129,577,577,0,243,243,0,169,169,0,361,361,0,363,337,-26,316,295,-21,257,258,1
15318,SLOVAKIA,36,66,30,12,12,0,41,41,0,43,43,0,66,66,0,28,28,0,11,1,-10,13,0,-13,12,0,-12,3,3,0,42,42,0,3,3,0,1,1,0,0,0,0,0,0,0,55,55,0,54,54,0,60,60,0
15407,ESTONIA,36,36,0,39,39,0,35,35,0,35,35,0,38,38,0,35,35,0,0,0,0,0,0,0,0,0,0,1,1,0,1,1,0,39,39,0,34,34,0,33,33,0,37,37,0,34,34,0,5,5,0,3,1,-2
15504,HUNGARY,87,117,31,26,34,8,263,263,0,342,342,0,415,440,25,771,783,12,304,304,0,266,266,0,206,206,0,403,405,2,352,363,10,792,797,6,671,677,6,307,307,0,636,636,0,463,463,0,468,468,0,366,366,0
15601,LATVIA,0,0,0,0,0,0,3,3,0,0,0,0,0,0,0,1,1,0,0,0,0,0,0,0,0,0,0,0,0,0,209,209,0,0,0,0,48,48,0,0,0,0,0,0,0,0,0,0,1,1,0,1,1,0
15709,LITHUANIA,3,3,0,0,0,0,0,0,0,0,0,0,11,11,0,29,29,0,12,12,0,0,0,0,3,3,0,0,0,0,0,0,0,2,2,0,3,3,0,0,0,0,0,0,0,3,3,0,3,3,0,21,21,0
15768,POLAND,272,698,425,85,612,527,224,593,369,54,330,275,48,253,205,624,624,0,17,17,0,14,30,15,14,47,33,185,244,59,99,151,52,89,148,59,7,7,0,147,134,-13,235,220,-15,568,485,-83,64,57,-7,231,163,-68
15806,ROMANIA,3,191,188,1,163,163,1,140,138,8,130,122,0,0,0,0,0,0,0,0,0,0,0,0,18,18,0,25,25,0,29,29,0,304,304,0,105,105,0,3,3,0,91,91,0,394,234,-160,72,51,-21,230,230,0
16101,RUSSIA,829,1277,448,801,3447,2646,918,5330,4412,769,9647,8877,794,14869,14075,707,10102,9394,52,12181,12129,119,16520,16401,359,18981,18622,832,27097,26265,831,24681,23850,203,15264,15061,309,10687,10378,311,9033,8723,410,8661,8251,380,6089,5709,172,6165,5993,489,6272,5784
16209,BELARUS,0,0,0,0,0,0,0,0,0,0,0,0,0,0,0,0,0,0,0,0,0,0,0,0,0,0,0,0,0,0,0,0,0,396,396,0,1,1,0,1,1,0,75,75,0,32,32,0,93,93,0,213,213,0
16306,MOLDOVA,0,0,0,0,0,0,0,0,0,0,0,0,0,0,0,0,0,0,0,0,0,0,0,0,0,39,39,4,15,11,0,24,24,0,12,12,0,13,13,0,0,0,0,0,0,0,0,0,0,0,0,0,0,0
16403,UKRAINE,2,2,0,111,111,0,147,147,0,141,168,26,157,194,37,68,85,18,177,220,44,434,710,276,598,975,377,227,587,361,257,676,419,120,374,254,12,395,383,24,468,444,221,1149,928,1,1079,1078,87,1301,1214,88,1147,1059
16519,ARMENIA,0,0,0,0,0,0,0,0,0,0,0,0,0,0,0,0,0,0,0,0,0,0,0,0,0,0,0,0,0,0,1,1,0,216,216,0,38,45,7,0,1,1,6,35,29,0,22,22,18,18,0,3,57,54
16527,AZERBAIJAN,0,0,0,0,0,0,0,0,0,0,0,0,0,0,0,0,0,0,0,0,0,0,0,0,7,19,12,87,108,21,68,124,56,654,717,63,616,652,35,818,818,0,1224,1224,0,720,720,0,703,703,0,714,714,0
16535,GEORGIA,0,0,0,0,0,0,0,0,0,3,3,0,3,3,0,70,70,0,0,0,0,24,24,0,1,1,0,69,69,0,119,119,0,386,386,0,368,368,0,372,372,0,382,382,0,355,356,2,471,471,0,320,320,0
16543,KAZAKHSTAN,97,171,74,335,1102,767,321,1438,1116,318,1681,1363,505,2933,2427,513,2219,1705,406,2237,1831,2269,2801,532,2923,3630,707,3109,4169,1060,3094,3721,626,1987,3973,1986,2319,2938,619,2764,3034,270,3514,3737,223,2598,3083,485,3052,3373,321,3037,3297,260
16551,KYRGYZSTAN,0,0,0,11,11,0,0,0,0,0,0,0,0,0,0,0,0,0,0,0,0,0,0,0,0,0,0,0,0,0,0,0,0,0,0,0,0,0,0,0,0,0,0,0,0,0,0,0,0,0,0,0,0,0
16578,TAJIKISTAN,0,0,0,0,0,0,0,0,0,0,0,0,0,0,0,0,0,0,0,0,0,0,0,0,0,0,0,0,0,0,0,0,0,0,0,0,0,0,0,0,0,0,47,47,0,15,15,0,0,0,0,0,0,0
16616,TURKMENISTAN,0,0,0,0,0,0,0,0,0,0,0,0,0,0,0,0,0,0,0,0,0,0,0,0,0,0,0,0,0,0,0,0,0,0,0,0,0,0,0,0,0,0,0,0,0,0,0,0,0,0,0,0,0,0
16705,UZBEKISTAN,4,4,0,0,0,0,0,0,0,0,0,0,0,0,0,0,0,0,0,0,0,0,0,0,0,0,0,0,0,0,0,0,0,0,0,0,0,0,0,0,0,0,0,0,0,0,0,0,54,54,0,192,258,66
29998,CANADA,84659,83233,-1425,102233,99688,-2544,108437,105220,-3217,108104,103687,-4417,138978,132837,-6141,120647,113616,-7031,164840,154360,-10481,187277,178254,-9023,245220,235526,-9695,283980,271513,-12467,297793,283104,-14689,308352,296246,-12106,271418,262969,-8448,275059,275011,-48,314177,314043,-133,320408,323115,2706,329359,339500,10141,341894,356345,14451
30104,ARGENTINA,2117,2117,0,1742,1826,84,1638,1777,139,1854,2034,181,1818,2012,194,929,997,68,1209,1295,85,1136,1286,150,980,1253,273,925,1245,320,1207,1509,302,1855,2076,220,2657,2723,66,3019,2967,-51,4944,5064,120,4237,4196,-41,4900,4923,23,4535,4505,-30
30155,BARBADOS,99,50,-49,107,45,-62,82,48,-33,104,75,-29,156,125,-31,180,165,-15,1120,1090,-30,1289,1228,-60,1424,233,-1191,1514,500,-1014,1699,1043,-656,2301,1818,-483,2623,2271,-352,2686,2203,-483,2106,1508,-599,1577,1053,-524,1703,1112,-591,2391,1420,-971
30201,BOLIVIA,0,0,0,0,53,53,0,57,57,0,81,80,10,285,275,0,176,176,0,202,202,0,155,155,0,112,112,2,111,109,3,93,90,0,126,126,0,56,56,0,53,53,2,2,0,2,2,0,2,2,0,5,5,0
30228,ANGUILLA,0,0,0,0,0,0,0,0,0,0,0,0,0,0,0,0,0,0,0,0,0,0,0,0,0,0,0,0,0,0,0,0,0,0,0,0,0,0,0,0,0,0,0,0,0,0,0,0,0,0,0,0,0,0
30309,BRAZIL,3131,6723,3592,3274,8683,5409,3876,8804,4928,3391,11500,8109,3601,13230,9629,3235,11546,8310,4126,18636,14510,8661,27075,18414,11768,38352,26583,17022,51276,34254,15083,51285,36201,18220,55444,37224,9651,35432,25781,7542,34004,26462,8011,40318,32307,7490,32817,25327,9020,34361,25341,8463,35408,26944
30406,CHILE,5705,6071,366,7213,7586,373,7076,7422,346,6989,7151,161,6781,7062,281,5453,5806,353,6091,6422,331,8066,8339,273,9844,8919,-926,11191,9666,-1526,11410,11087,-324,15528,13053,-2475,14406,12997,-1409,12587,12643,56,14236,14183,-53,15787,15824,37,18248,18489,241,20054,19652,-403
30503,COLOMBIA,451,584,133,847,965,117,802,894,92,371,1607,1236,512,653,141,1335,1471,137,904,1103,199,996,1200,204,2460,2668,207,3161,3718,557,4633,4794,161,6328,6796,468,5458,5754,297,6188,6551,364,7366,7801,435,6648,6933,285,6842,7431,588,8041,8917,877
30589,COSTA RICA,34,58,24,25,44,19,12,12,0,19,19,0,84,84,0,52,52,0,19,19,0,19,19,0,77,77,0,232,232,0,654,654,0,532,690,158,603,792,189,736,736,0,822,910,87,588,638,50,595,677,82,522,449,-72
30708,CUBA,0,0,0,1,1,0,0,0,0,0,0,0,0,0,0,0,0,0,0,0,0,0,0,0,0,0,0,0,0,0,0,0,0,0,0,0,0,0,0,0,0,0,0,0,0,0,0,0,0,0,0,0,0,0
30805,DOMINICAN REPUBLIC,13,13,0,44,44,0,40,73,33,279,345,66,290,380,90,76,116,40,107,185,78,100,168,68,90,185,95,187,268,81,380,454,74,243,353,110,273,315,43,203,231,28,156,185,29,157,185,28,868,896,28,143,166,24
31003,ECUADOR,44,70,26,43,82,39,42,72,30,44,299,254,46,295,249,41,273,232,45,321,277,45,333,288,36,363,327,35,447,412,34,434,400,1,488,487,0,517,517,13,346,333,252,511,259,246,322,76,181,181,0,67,90,23
31089,EL SALVADOR,75,78,3,32,79,47,31,75,44,35,161,126,37,153,116,8,49,41,19,69,50,154,192,38,71,100,28,74,107,33,67,97,29,69,3,-66,33,33,0,5,5,0,4,33,29,5,61,56,9,45,36,17,55,38
31208,GUATEMALA,1,1,0,0,0,0,0,3,3,7,10,2,10,13,3,1,7,5,8,8,0,7,7,0,2,16,14,1,269,268,1,493,492,1,599,598,11,451,440,2,226,224,9,144,135,5,154,149,17,72,56,15,63,48
31305,GUYANA,5,5,0,0,0,0,0,0,0,0,0,0,0,0,0,0,0,0,0,0,0,0,0,0,0,0,0,0,0,0,0,0,0,0,0,0,0,0,0,0,0,0,0,0,0,0,0,0,0,0,0,0,0,0
31402,HAITI,0,0,0,0,0,0,0,0,0,0,0,0,0,0,0,0,0,0,0,0,0,0,0,0,0,0,0,0,0,0,0,0,0,0,0,0,0,0,0,0,0,0,0,0,0,0,0,0,0,0,0,0,0,0
31488,HONDURAS,4,4,0,3,3,0,4,4,0,4,4,0,3,3,0,22,22,0,1,1,0,2,2,0,1,1,0,0,0,0,4,4,0,0,0,0,0,0,0,0,0,0,47,47,0,29,29,0,23,18,-5,9,9,0
31607,JAMAICA,0,0,0,11,11,0,70,193,123,182,374,193,200,1172,972,145,967,822,62,1640,1578,102,2154,2053,89,2039,1950,103,2478,2375,18,2998,2980,21,3142,3121,16,2656,2640,26,2621,2595,26,2416,2390,36,1644,1608,60,1516,1456,262,2406,2144
31704,MEXICO,9668,12142,2475,9814,12821,3007,11447,13462,2015,11348,13697,2350,11963,14563,2601,8656,10375,1718,10331,11896,1564,16421,17725,1304,22723,23483,760,32879,32960,80,39832,40383,551,48948,48226,-721,45561,45432,-129,52806,52530,-275,58650,58527,-123,53749,53289,-460,59476,58762,-714,58592,57955,-638
31801,NICARAGUA,0,0,0,10,10,0,0,0,0,0,0,0,0,0,0,0,0,0,0,0,0,0,0,0,0,0,0,0,0,0,0,0,0,0,0,0,0,0,0,0,0,0,0,0,0,0,0,0,0,0,0,0,0,0
31887,PANAMA,954,298,-656,1991,533,-1458,2041,697,-1345,2380,1562,-818,1935,895,-1040,1469,639,-830,1279,319,-960,1050,352,-698,1269,536,-733,2019,1013,-1006,2943,1286,-1658,3190,1345,-1845,3496,1603,-1892,3841,1886,-1955,3273,2435,-837,2819,2889,70,3986,3530,-457,9888,4603,-5285
32107,PARAGUAY,0,0,0,0,0,0,0,0,0,0,0,0,0,0,0,0,0,0,0,0,0,0,0,0,27,2,-26,218,109,-109,233,120,-113,372,252,-120,323,263,-60,207,207,0,181,181,0,233,233,0,211,315,104,317,370,53
32204,PERU,34,34,0,12,12,0,31,31,0,143,234,91,303,319,16,270,297,27,207,282,75,468,560,92,650,1251,601,1958,2493,535,3548,3932,384,4639,4799,160,3849,4618,769,3967,4499,532,5228,6211,983,4923,5931,1008,5568,6889,1321,5875,6915,1040
32409,TRINIDAD AND TOBAGO,37,37,0,35,59,24,26,84,58,382,538,156,1072,1123,51,824,830,6,1256,1290,34,1094,1121,27,1067,1137,70,1080,1107,27,919,946,27,783,810,27,649,649,0,640,640,0,553,553,0,481,481,0,453,453,0,490,490,0
32603,URUGUAY,80,80,0,580,580,0,144,140,-4,35,33,-2,251,251,0,41,41,0,31,31,0,31,31,0,29,29,0,376,389,13,298,389,91,125,125,0,111,111,0,302,302,0,113,246,133,199,241,42,81,213,132,103,249,146
32719,VENEZUELA,797,2075,1278,1142,1387,245,964,1214,251,704,1032,328,1063,1225,162,517,563,46,1796,1861,65,2586,2665,78,3342,3259,-83,5091,4944,-148,4033,3912,-121,3464,3389,-75,3264,3177,-86,3334,3334,0,1904,1904,0,1297,1255,-42,622,622,0,281,281,0
35203,ANTIGUA AND BARBUDA,0,0,0,0,0,0,2,2,0,0,0,0,0,0,0,0,0,0,0,0,0,0,0,0,0,0,0,0,0,0,0,0,0,0,0,0,0,0,0,0,0,0,0,0,0,0,0,0,0,0,0,0,0,0
35254,ARUBA,861,879,18,1017,1017,0,1139,1139,0,1145,1145,0,893,893,0,713,713,0,673,673,0,427,427,0,373,373,0,290,290,0,0,0,0,0,0,0,0,0,0,33,33,0,33,33,0,107,107,0,65,65,0,128,128,0
35319,"BAHAMAS, THE",783,0,-783,601,29,-572,677,490,-187,259,53,-206,732,42,-690,393,215,-178,310,157,-153,390,245,-145,895,485,-410,1277,402,-876,640,340,-300,906,258,-647,554,400,-154,286,220,-66,1110,190,-920,2546,377,-2169,2267,373,-1894,1606,272,-1335
35602,BERMUDA,8638,2112,-6526,9862,2297,-7565,11228,2815,-8413,13537,1285,-12252,16651,1027,-15624,19119,1464,-17656,26662,1107,-25555,24960,975,-23985,24950,1143,-23807,27733,2176,-25557,30769,3044,-27726,28702,3254,-25448,28887,3208,-25679,28423,3897,-24526,33192,5483,-27708,34624,9423,-25201,34074,10751,-23323,41506,17980,-23526
35718,BELIZE,20,20,0,20,20,0,0,0,0,1,1,0,5,5,0,0,0,0,0,0,0,0,0,0,217,217,0,1,1,0,0,0,0,253,253,0,240,240,0,0,0,0,2,2,0,0,0,0,0,0,0,0,0,0
35807,BRITISH VIRGIN ISLANDS,1330,89,-1241,747,96,-650,2445,681,-1765,2814,983,-1831,3687,823,-2865,2129,261,-1869,2121,213,-1907,3930,859,-3071,5130,287,-4843,6271,637,-5634,9397,709,-8688,13773,914,-12859,12064,1040,-11023,10802,1074,-9729,14199,1271,-12928,16292,3371,-12921,18379,4198,-14180,14479,2562,-11917
36137,CAYMAN ISLANDS,75096,11655,-63441,114066,12959,-101107,118120,13962,-104158,177772,9170,-168602,271781,9791,-261991,202354,7503,-194851,217245,9433,-207812,196242,28968,-167274,217964,8642,-209321,219746,16268,-203479,220542,8769,-211772,288828,8974,-279854,299727,6261,-293466,346751,12155,-334596,401834,12315,-389520,447309,13347,-433962,491922,17531,-474391,528494,19133,-509361
36161,"BONAIRE, SINT EUSTATIUS, & SABA",0,0,0,0,0,0,0,0,0,0,0,0,0,0,0,0,0,0,0,0,0,0,0,0,0,0,0,0,0,0,0,0,0,0,0,0,0,0,0,0,0,0,0,0,0,0,0,0,0,0,0,56,56,0
36188,CURACAO,0,0,0,0,0,0,0,0,0,0,0,0,0,0,0,0,0,0,0,0,0,0,0,0,0,0,0,0,0,0,3553,37,-3516,3776,240,-3536,2944,122,-2822,2258,110,-2148,2652,109,-2543,1288,129,-1159,1322,130,-1192,2089,147,-1942
36196,SINT MAARTEN,0,0,0,0,0,0,0,0,0,0,0,0,0,0,0,0,0,0,0,0,0,0,0,0,0,0,0,0,0,0,0,0,0,50,50,0,47,47,0,0,0,0,0,0,0,0,0,0,0,0,0,52,0,-52
36218,DOMINICA,0,0,0,0,0,0,0,0,0,0,0,0,0,0,0,0,0,0,0,0,0,0,0,0,0,0,0,0,0,0,39,39,0,125,125,0,0,0,0,0,0,0,0,0,0,0,0,0,0,0,0,0,0,0
36307,FALKLAND ISLANDS,0,0,0,0,0,0,0,0,0,0,0,0,0,0,0,0,0,0,0,0,0,0,0,0,0,0,0,0,0,0,0,0,0,0,0,0,0,0,0,0,0,0,0,0,0,0,0,0,0,0,0,0,0,0
36404,FRENCH GUIANA,0,0,0,0,0,0,0,0,0,0,0,0,0,0,0,0,0,0,0,0,0,0,0,0,0,0,0,0,0,0,0,0,0,0,0,0,0,0,0,0,0,0,0,0,0,0,0,0,0,0,0,0,0,0
36471,ST MARTIN & ST BARTHELEMY,0,0,0,0,0,0,0,0,0,0,0,0,0,0,0,0,0,0,0,0,0,0,0,0,0,0,0,0,0,0,0,0,0,0,0,0,0,0,0,0,0,0,0,0,0,0,0,0,0,0,0,0,0,0
36706,GRENADA,1,1,0,0,0,0,0,0,0,0,0,0,0,0,0,0,0,0,0,0,0,0,0,0,0,0,0,0,0,0,0,0,0,0,0,0,0,0,0,0,0,0,0,0,0,0,0,0,0,0,0,0,0,0
36803,GUADELOUPE,0,0,0,0,0,0,0,0,0,0,0,0,0,0,0,0,0,0,0,0,0,0,0,0,0,0,0,0,0,0,0,0,0,0,0,0,0,0,0,0,0,0,0,0,0,0,0,0,0,0,0,0,0,0
37001,AND SMALLER FRENCH ISLANDS IN THE WEST INDIES,0,0,0,0,0,0,0,0,0,0,0,0,0,0,0,0,0,0,0,0,0,0,0,0,0,0,0,0,0,0,0,0,0,0,0,0,0,0,0,0,0,0,0,0,0,0,0,0,0,0,0,0,0,0
37109,MONTSERRAT,0,0,0,0,0,0,0,0,0,0,0,0,0,0,0,0,0,0,0,0,0,0,0,0,0,0,0,0,0,0,0,0,0,0,0,0,0,0,0,0,0,0,0,0,0,0,0,0,0,0,0,0,0,0
37206,NETHERLANDS ANTILLES,1369,234,-1135,1517,153,-1364,1839,147,-1692,1622,1032,-590,1287,147,-1139,1299,131,-1168,1119,85,-1034,1233,130,-1103,3863,75,-3788,4680,84,-4596,0,0,0,0,0,0,0,0,0,0,0,0,0,0,0,0,0,0,0,0,0,0,0,0
37303,SAINT KITTS AND NEVIS,0,0,0,0,0,0,0,0,0,0,0,0,0,0,0,0,0,0,0,0,0,0,0,0,0,0,0,0,0,0,0,0,0,0,0,0,0,0,0,0,0,0,0,0,0,0,0,0,0,0,0,0,0,0
37508,SAINT LUCIA,0,0,0,49,49,0,98,98,0,66,66,0,62,62,0,37,37,0,15,15,0,19,14,-5,41,41,0,18,18,0,14,14,0,11,11,0,9,9,0,0,0,0,0,0,0,0,0,0,0,0,0,264,0,-264
37605,SAINT VINCENT AND THE GRENADINES,0,0,0,0,0,0,0,0,0,0,0,0,0,0,0,0,0,0,0,0,0,0,0,0,0,0,0,0,0,0,0,0,0,0,0,0,0,0,0,0,0,0,0,0,0,0,0,0,0,0,0,0,0,0
37702,SURINAME,0,0,0,0,0,0,0,0,0,0,0,0,0,0,0,0,0,0,0,0,0,0,0,0,0,0,0,0,0,0,0,0,0,0,0,0,0,0,0,0,0,0,0,0,0,24,24,0,15,15,0,6,6,0
37818,TURKS AND CAICOS ISLANDS,0,0,0,0,0,0,0,0,0,0,0,0,0,0,0,0,0,0,0,0,0,1,1,0,10,10,0,10,10,0,0,0,0,302,302,0,298,298,0,325,325,0,42,42,0,42,42,0,42,42,0,41,41,0
40401,AFGHANISTAN,0,0,0,0,0,0,0,0,0,0,0,0,0,0,0,0,0,0,0,0,0,0,0,0,0,0,0,0,0,0,0,0,0,0,0,0,0,0,0,0,0,0,0,0,0,0,0,0,0,0,0,0,0,0
40703,BAHRAIN,14,25,11,11,19,8,0,23,23,30,54,23,62,132,69,37,114,77,47,125,78,58,146,89,436,88,-348,167,76,-91,62,143,80,152,193,40,76,113,38,10,5,-5,297,298,1,312,462,150,448,607,159,421,543,121
40746,BANGLADESH,0,0,0,0,0,0,0,0,0,0,0,0,0,0,0,0,0,0,0,0,0,0,0,0,0,0,0,0,0,0,9,0,-9,66,66,0,61,61,0,54,54,0,65,65,0,94,94,0,0,0,0,0,0,0
40819,BHUTAN,0,0,0,0,0,0,0,0,0,0,0,0,0,0,0,0,0,0,0,0,0,0,0,0,0,0,0,0,0,0,0,0,0,0,0,0,0,0,0,0,0,0,0,0,0,0,0,0,0,0,0,0,0,0
41009,BRUNEI,0,0,0,0,0,0,0,0,0,0,0,0,0,0,0,0,0,0,0,0,0,0,0,0,0,0,0,0,0,0,0,0,0,0,0,0,0,0,0,0,0,0,0,0,0,0,0,0,0,0,0,0,0,0
41106,BURMA (MYANMAR),0,0,0,0,0,0,0,0,0,0,0,0,0,0,0,0,0,0,0,0,0,0,0,0,0,0,0,0,0,0,0,0,0,0,0,0,0,0,0,0,0,0,0,0,0,0,0,0,0,0,0,0,0,0
41203,CAMBODIA,0,0,0,0,0,0,0,0,0,0,0,0,0,0,0,0,0,0,0,0,0,0,0,0,0,0,0,0,0,0,0,0,0,0,0,0,0,0,0,0,0,0,0,0,0,0,0,0,0,0,0,0,0,0
41319,SRI LANKA,40,7,-33,30,30,0,3,3,0,0,0,0,19,19,0,3,3,0,0,0,0,0,0,0,1,1,0,75,75,0,280,280,0,127,127,0,261,261,0,261,261,0,215,215,0,63,38,-25,261,246,-15,32,32,0
41408,"CHINA, MAINLAND",88,581,492,584,983,399,1138,2036,899,841,1872,1031,1134,2266,1132,1243,2705,1462,271,2401,2131,703,3979,3275,434,5298,4863,402,7602,7200,455,11338,10884,1300,22619,21319,2573,22077,19503,1025,18486,17460,1745,26048,24303,3119,32071,28953,5061,39057,33996,5383,39423,34040
42005,HONG KONG,1366,5055,3689,1604,4932,3328,1431,5419,3988,1267,4890,3623,1273,5807,4534,3100,6533,3433,1165,6667,5502,1242,7113,5871,1476,5611,4135,2147,5979,3832,1565,6235,4670,3030,10088,7058,2825,8741,5916,3591,11509,7918,4220,11437,7217,6363,12281,5918,7006,14280,7274,6994,14813,7819
42102,INDIA,183,183,0,330,451,121,442,567,124,1005,1181,176,3296,3844,548,2362,3249,887,3291,4629,1338,4337,5464,1127,2731,5446,2715,2698,5077,2379,2685,5777,3092,3641,7446,3805,5018,6845,1827,5242,6755,1512,5841,9396,3555,6198,9403,3205,7533,12532,4998,7918,13169,5251
42218,INDONESIA,304,557,253,275,597,321,433,965,532,475,936,461,400,1116,716,417,812,395,409,1411,1002,465,1768,1303,981,2231,1250,2341,3690,1349,2731,3972,1242,4114,5366,1252,4012,5080,1068,3972,4821,850,5462,6185,723,6952,7037,84,8099,8262,163,9198,9063,-135
42307,IRAN,0,0,0,0,0,0,0,0,0,0,0,0,0,0,0,0,0,0,0,0,0,0,0,0,0,0,0,0,0,0,0,0,0,0,0,0,0,0,0,0,0,0,0,0,0,0,0,0,0,0,0,0,0,0
42404,IRAQ,0,0,0,0,0,0,0,0,0,33,33,0,0,0,0,14,14,0,0,0,0,0,0,0,12,12,0,0,0,0,0,0,0,0,0,0,0,0,0,0,0,0,0,75,75,0,73,73,0,62,62,1,64,63
42501,ISRAEL,2613,2807,194,1401,1717,316,1222,1583,361,1291,1350,59,1302,1867,565,1359,1870,511,1089,1537,448,1140,2202,1062,879,4746,3867,1918,6616,4698,1331,5026,3695,2678,5975,3297,2560,4340,1779,1803,12334,10531,1886,12130,10244,2571,11275,8704,2918,11647,8728,4826,13866,9040
42609,JAPAN,12586,14874,2289,2574,6428,3854,6820,9875,3055,8380,14998,6618,10626,16893,6267,14386,18998,4613,6356,11054,4698,9239,13119,3880,14872,17982,3110,10521,12798,2277,15794,17746,1952,27658,29704,2046,28532,30048,1515,34315,35608,1294,49250,50703,1453,64684,65805,1121,78578,80309,1732,100128,101757,1629
42706,JORDAN,15,15,0,0,0,0,0,0,0,16,16,0,3,3,0,1,1,0,0,0,0,21,21,0,19,19,0,7,7,0,7,7,0,114,114,0,33,33,0,24,24,0,69,69,0,19,58,39,5,5,0,32,32,0
43001,"KOREA, SOUTH",1332,1547,215,3740,4193,453,5427,5955,529,5689,6134,445,5770,6257,488,7760,8109,350,5523,5939,416,8548,8813,265,10711,11264,553,15621,16112,491,14600,14860,260,28203,29002,799,13942,14311,370,12635,12635,0,10562,10586,24,13497,13317,-180,9750,9678,-72,10964,10844,-120
43109,KUWAIT,0,0,0,12,12,0,0,0,0,7,7,0,7,7,0,6,6,0,4,25,20,3,19,16,3,35,32,1,36,35,0,26,26,23,49,26,1,33,33,9,682,674,18,610,592,57,627,570,23,643,620,70,713,644
43303,LAOS,0,0,0,0,0,0,0,0,0,0,0,0,0,0,0,0,0,0,0,0,0,0,0,0,0,0,0,0,0,0,0,0,0,0,0,0,0,0,0,0,0,0,0,0,0,0,0,0,33,33,0,5,5,0
43419,LEBANON,31,31,0,19,19,0,22,22,0,23,23,0,19,19,0,14,14,0,0,0,0,0,0,0,0,0,0,1,1,0,0,0,0,8,8,0,39,39,0,6,6,0,2,2,0,15,15,0,2,2,0,28,28,0
43508,MACAU,0,0,0,0,0,0,0,0,0,0,0,0,0,0,0,0,0,0,13,13,0,56,310,254,0,224,224,0,416,416,0,616,616,0,968,967,0,535,535,0,642,642,4,188,184,17,258,241,49,291,243,65,2288,2223
43605,MALAYSIA,2693,2743,50,2816,2816,0,2730,2733,3,2955,2964,9,3406,3534,127,2560,2657,98,2934,3055,122,3082,3108,26,2643,2630,-13,2271,2250,-21,1837,1815,-21,1958,2215,257,2187,2346,159,2309,2309,0,3155,3318,163,3632,3795,164,2992,3193,202,4807,4977,170
43702,MALDIVES,0,0,0,0,0,0,0,0,0,0,0,0,0,0,0,0,0,0,0,0,0,0,0,0,0,0,0,0,0,0,0,0,0,0,0,0,0,0,0,0,0,0,0,0,0,0,0,0,0,0,0,1,1,0
43818,MONGOLIA,1,1,0,0,0,0,0,0,0,0,0,0,0,0,0,0,0,0,0,0,0,6,6,0,17,17,0,10,179,170,4,97,93,43,91,47,113,134,21,97,111,14,164,164,0,140,151,11,136,151,15,64,74,10
44105,OMAN,0,0,0,0,0,0,0,0,0,0,0,0,0,0,0,0,0,0,0,0,0,0,190,190,0,182,182,0,158,157,10,12,2,120,9,-112,12,177,165,8,135,127,10,144,133,76,175,99,29,130,101,73,173,100
44202,NEPAL,0,0,0,0,0,0,0,0,0,0,0,0,0,0,0,0,0,0,0,0,0,0,0,0,0,0,0,0,0,0,0,0,0,0,0,0,0,0,0,0,0,0,0,0,0,0,0,0,0,0,0,0,0,0
44407,"KOREA, NORTH",0,0,0,0,0,0,0,0,0,0,0,0,0,0,0,0,0,0,0,0,0,0,0,0,0,0,0,0,0,0,0,0,0,0,0,0,0,0,0,0,0,0,0,0,0,0,0,0,0,0,0,0,0,0
44709,PAKISTAN,0,0,0,16,16,0,10,10,0,59,59,0,60,60,0,20,20,0,42,42,0,44,44,0,84,84,0,35,35,0,0,0,0,4,4,0,9,9,0,162,162,0,221,221,0,141,141,0,133,133,0,135,135,0
44806,PHILIPPINES,950,959,9,829,839,10,931,942,12,1397,1405,8,1157,1171,15,650,668,18,794,809,16,887,887,0,733,753,19,684,676,-7,722,705,-16,797,797,0,701,700,-2,496,496,0,519,519,0,542,643,101,538,680,142,771,919,148
45004,EAST TIMOR,0,0,0,0,0,0,0,0,0,0,0,0,0,0,0,0,0,0,0,0,0,0,0,0,0,0,0,0,0,0,0,0,0,0,0,0,0,0,0,0,0,0,0,0,0,0,0,0,0,0,0,0,0,0
45101,QATAR,544,544,0,933,933,0,2071,2071,0,3623,3786,162,4042,4144,103,2571,2655,84,3908,4355,446,4751,5860,1108,4110,5125,1015,3719,4926,1207,2923,4046,1122,1961,3863,1902,1818,3297,1479,1217,2553,1336,1170,2605,1435,1265,3341,2075,1150,3579,2429,784,2991,2207
45608,SAUDI ARABIA,0,0,0,0,0,0,14,14,0,52,82,30,91,144,54,45,107,62,57,105,47,36,67,32,0,55,55,0,90,90,0,267,266,0,686,686,3,372,369,359,712,353,601,1644,1044,183,1436,1254,3753,5471,1719,5220,6883,1663
46019,SINGAPORE,2771,2905,134,4501,4290,-211,5138,5096,-42,6055,6977,921,6346,6412,66,5160,5612,452,5668,5474,-193,5456,5737,282,4986,5882,896,5513,8063,2550,5497,7143,1646,6626,7689,1064,6082,5397,-685,5601,4427,-1174,6976,5611,-1365,9124,7512,-1612,8943,6848,-2096,10225,7895,-2329
46205,SYRIA,0,0,0,0,0,0,0,0,0,0,0,0,0,0,0,0,0,0,0,0,0,0,0,0,0,0,0,0,0,0,0,0,0,0,0,0,0,0,0,0,0,0,0,0,0,0,0,0,0,0,0,0,0,0
46302,TAIWAN,204,204,0,279,279,0,737,737,0,220,220,0,105,114,10,149,185,36,42,77,35,99,164,65,41,35,-6,104,99,-5,151,936,786,181,1002,821,88,856,768,41,655,613,26,652,626,71,77,6,69,90,21,109,1264,1155
46418,THAILAND,494,502,8,632,649,16,756,770,14,945,854,-91,770,781,11,475,475,0,631,631,0,616,616,0,283,362,79,882,967,85,859,957,98,716,901,185,737,905,169,654,754,101,1018,1332,314,1199,1717,519,1017,1509,492,1552,2006,454
46604,UNITED ARAB EMIRATES,0,0,0,25,25,0,40,40,0,1154,1080,-74,3543,4627,1083,2737,3274,537,2966,3768,801,3445,5930,2484,3588,6865,3278,4265,7068,2803,3782,6000,2218,3804,6505,2700,2967,5215,2248,2891,4395,1505,4877,6411,1534,6106,8174,2068,7115,9349,2234,7165,10954,3789
46906,VIETNAM,0,0,0,0,0,0,0,0,0,6,6,0,4,4,0,2,2,0,19,19,0,16,16,0,14,14,0,42,42,0,96,96,0,212,212,0,112,112,0,61,61,0,37,37,0,73,51,-22,87,328,241,75,365,290
47104,YEMEN,0,0,0,0,0,0,0,0,0,0,0,0,0,0,0,0,0,0,0,0,0,0,0,0,0,0,0,0,0,0,0,0,0,0,0,0,0,0,0,0,0,0,0,0,0,0,0,0,0,0,0,0,0,0
47201,WEST BANK AND GAZA,0,0,0,0,0,0,0,0,0,0,0,0,0,0,0,0,0,0,0,0,0,0,0,0,0,0,0,0,0,0,0,0,0,0,0,0,0,0,0,0,0,0,0,0,0,0,0,0,0,0,0,0,0,0
50105,ALGERIA,3,3,0,12,12,0,7,7,0,0,0,0,0,0,0,0,0,0,0,0,0,0,0,0,0,0,0,0,0,0,0,0,0,0,0,0,0,0,0,0,0,0,0,0,0,0,0,0,0,0,0,0,0,0
50202,ANGOLA,0,0,0,0,0,0,0,0,0,0,0,0,0,0,0,0,0,0,6,6,0,0,0,0,7,7,0,7,217,210,0,239,239,0,168,168,5,217,212,0,172,172,24,24,0,2,2,0,661,661,0,5,5,0
50504,BOTSWANA,0,0,0,1,1,0,1,1,0,1,1,0,1,1,0,0,0,0,0,0,0,0,0,0,0,0,0,1,1,0,1,1,0,1,1,0,1,1,0,0,0,0,0,0,0,0,0,0,0,0,0,0,0,0
50806,BURUNDI,0,0,0,0,0,0,0,0,0,0,0,0,4,4,0,4,4,0,0,0,0,0,0,0,0,0,0,0,0,0,0,0,0,0,0,0,0,0,0,0,0,0,0,0,0,0,0,0,0,0,0,0,0,0
51004,CAMEROON,0,0,0,0,0,0,0,0,0,0,0,0,0,0,0,0,0,0,0,0,0,0,0,0,0,0,0,0,0,0,0,0,0,0,0,0,2,2,0,0,0,0,0,0,0,0,0,0,0,0,0,0,0,0
51209,"CAPE VERDE, REPUBLIC OF",0,0,0,0,0,0,0,0,0,0,0,0,0,0,0,0,0,0,0,0,0,0,0,0,0,0,0,0,0,0,0,0,0,0,0,0,1,1,0,0,0,0,5,0,-5,0,0,0,0,0,0,0,0,0
51306,CENTRAL AFRICAN REPUBLIC,0,0,0,0,0,0,0,0,0,0,0,0,0,0,0,0,0,0,0,0,0,0,0,0,0,0,0,0,0,0,0,0,0,0,0,0,0,0,0,0,0,0,0,0,0,0,0,0,0,0,0,0,0,0
51403,CHAD,0,0,0,0,0,0,0,0,0,0,0,0,0,0,0,0,0,0,0,0,0,0,0,0,0,0,0,0,0,0,0,0,0,0,0,0,0,0,0,0,0,0,0,0,0,0,0,0,0,0,0,0,0,0
51519,COMOROS,0,0,0,0,0,0,0,0,0,0,0,0,0,0,0,0,0,0,0,0,0,0,0,0,0,0,0,0,0,0,0,0,0,0,0,0,0,0,0,0,0,0,0,0,0,0,0,0,0,0,0,0,0,0
51608,CONGO (BRAZZAVILLE),0,0,0,0,0,0,0,0,0,0,0,0,0,0,0,44,44,0,0,0,0,0,0,0,0,0,0,0,0,0,0,0,0,0,0,0,5,5,0,0,0,0,0,0,0,0,0,0,0,0,0,0,0,0
51705,CONGO (KINSHASA),0,0,0,0,0,0,0,0,0,0,0,0,0,0,0,0,0,0,0,0,0,0,0,0,0,0,0,0,0,0,0,0,0,0,0,0,0,0,0,0,0,0,0,0,0,0,0,0,0,0,0,0,0,0
51802,BENIN,0,0,0,0,0,0,0,0,0,0,0,0,0,0,0,0,0,0,0,0,0,0,0,0,0,0,0,0,0,0,0,0,0,0,0,0,0,0,0,0,0,0,0,0,0,0,0,0,2,2,0,1,1,0
51942,EQUATORIAL GUINEA,0,0,0,0,0,0,0,0,0,0,0,0,0,0,0,0,0,0,0,0,0,0,0,0,0,0,0,0,0,0,0,0,0,0,0,0,0,0,0,0,0,0,0,0,0,0,0,0,0,0,0,0,0,0
52019,ERITREA,0,0,0,0,0,0,0,0,0,0,0,0,0,0,0,0,0,0,0,0,0,0,0,0,0,0,0,0,0,0,0,0,0,0,0,0,0,0,0,0,0,0,0,0,0,0,0,0,0,0,0,0,0,0
52108,ETHIOPIA,0,0,0,0,0,0,0,0,0,0,0,0,0,0,0,0,0,0,0,0,0,0,0,0,0,0,0,0,0,0,0,0,0,0,0,0,99,99,0,1,1,0,1,1,0,0,0,0,1,0,-1,5,1,-4
52302,DJIBOUTI,0,0,0,0,0,0,0,0,0,0,0,0,0,0,0,0,0,0,0,0,0,0,0,0,0,0,0,0,0,0,0,0,0,0,0,0,0,0,0,0,0,0,0,0,0,0,0,0,0,0,0,0,0,0
52418,GABON,0,0,0,0,0,0,0,0,0,0,0,0,32,32,0,0,0,0,1,1,0,0,0,0,2,2,0,4,4,0,4,4,0,0,0,0,78,78,0,0,0,0,1,1,0,1,1,0,0,0,0,0,0,0
52507,"GAMBIA, THE",30,30,0,0,0,0,0,0,0,0,0,0,0,0,0,0,0,0,0,0,0,0,0,0,0,0,0,0,0,0,0,0,0,0,0,0,0,0,0,0,0,0,0,0,0,0,0,0,0,0,0,0,0,0
52604,GHANA,1,1,0,1,1,0,1,1,0,1,1,0,5,5,0,5,5,0,0,0,0,0,0,0,0,0,0,0,0,0,0,0,0,0,0,0,0,0,0,8,8,0,5,5,0,26,26,0,25,25,0,18,18,0
52701,GUINEA,0,0,0,0,0,0,0,0,0,0,0,0,0,0,0,0,0,0,0,0,0,0,0,0,0,0,0,0,0,0,0,0,0,0,0,0,0,0,0,0,0,0,0,0,0,0,0,0,0,0,0,0,0,0
53007,COTE D'IVOIRE (IVORY COAST),57,14,-43,12,12,0,17,17,0,3,3,0,4,4,0,1,1,0,0,0,0,0,0,0,0,0,0,1,1,0,42,0,-42,0,0,0,405,0,-405,1,1,0,6,6,0,119,119,0,231,231,0,40,40,0
53104,KENYA,15,15,0,5,5,0,5,5,0,0,0,0,0,0,0,0,0,0,0,0,0,0,188,188,4,202,198,4,215,211,3,206,203,5,145,140,0,191,191,0,226,226,0,211,211,98,258,160,39,136,98,26,43,16
53155,LESOTHO,0,0,0,1,1,0,0,0,0,0,0,0,0,0,0,0,0,0,0,0,0,0,0,0,0,0,0,0,0,0,0,0,0,0,0,0,0,0,0,0,0,0,0,0,0,0,0,0,0,0,0,0,0,0
53201,LIBERIA,1739,273,-1465,1964,239,-1724,1576,246,-1330,1533,142,-1391,1718,304,-1413,1039,251,-787,1957,291,-1666,1876,239,-1637,1880,212,-1668,2163,212,-1952,1254,168,-1087,1366,265,-1101,1347,263,-1084,1017,80,-937,1407,54,-1353,1317,68,-1249,1492,55,-1438,4917,106,-4811
53309,LIBYA,0,0,0,0,0,0,0,0,0,0,0,0,0,0,0,0,0,0,0,0,0,0,0,0,0,0,0,0,0,0,0,0,0,0,0,0,0,0,0,0,0,0,0,0,0,0,0,0,0,0,0,0,0,0
53392,SOUTH SUDAN,0,0,0,0,0,0,0,0,0,0,0,0,0,0,0,0,0,0,0,0,0,0,0,0,0,0,0,0,0,0,0,0,0,0,0,0,0,0,0,0,0,0,0,0,0,0,0,0,0,0,0,0,0,0
53406,MADAGASCAR,0,0,0,0,0,0,0,0,0,0,0,0,0,0,0,0,0,0,0,0,0,0,0,0,0,0,0,0,0,0,0,0,0,0,0,0,0,0,0,0,0,0,0,0,0,0,0,0,0,0,0,0,0,0
53503,MALAWI,0,0,0,0,0,0,0,0,0,0,0,0,0,0,0,0,0,0,0,0,0,0,0,0,0,0,0,0,0,0,0,0,0,0,0,0,0,0,0,0,0,0,0,0,0,0,0,0,0,0,0,0,0,0
53589,MALI,0,0,0,0,0,0,0,0,0,0,0,0,0,0,0,0,0,0,0,0,0,0,0,0,0,0,0,0,0,0,0,0,0,0,0,0,0,0,0,0,0,0,0,0,0,0,0,0,0,0,0,0,0,0
53708,MAURITANIA,0,0,0,0,0,0,0,0,0,0,0,0,0,0,0,0,0,0,0,0,0,0,0,0,0,0,0,0,0,0,0,0,0,0,0,0,0,0,0,0,0,0,0,0,0,0,0,0,0,0,0,0,0,0
53805,MAURITIUS,112,3,-109,182,7,-175,48,46,-2,19,4,-15,87,78,-9,20,7,-13,33,16,-17,35,33,-2,50,44,-6,47,34,-13,90,77,-14,335,69,-266,210,42,-169,451,132,-319,624,118,-506,866,234,-632,1589,700,-889,1525,1065,-459
54003,MOROCCO,67,67,0,3,3,0,26,26,0,50,50,0,15,15,0,11,11,0,0,0,0,0,0,0,9,9,0,0,0,0,0,0,0,829,829,0,966,143,-823,991,691,-299,1030,608,-422,880,508,-372,996,544,-452,986,589,-397
54089,MOZAMBIQUE,0,0,0,0,0,0,0,0,0,0,0,0,0,0,0,0,0,0,0,0,0,0,0,0,0,0,0,0,0,0,0,136,136,0,207,207,0,102,102,0,0,0,0,0,0,0,0,0,47,47,0,44,44,0
54127,NAMIBIA,1,1,0,0,0,0,0,0,0,0,0,0,0,0,0,0,0,0,0,0,0,0,0,0,1,1,0,0,0,0,0,0,0,66,66,0,96,96,0,0,0,0,1,1,0,1,1,0,4,4,0,0,2,2
54208,NIGER,0,0,0,0,0,0,0,0,0,0,0,0,0,0,0,0,0,0,0,0,0,0,0,0,0,0,0,0,0,0,0,0,0,0,0,0,0,0,0,0,0,0,0,0,0,0,0,0,0,0,0,0,0,0
54305,NIGERIA,47,47,0,15,15,0,2,2,0,23,23,0,57,57,0,78,78,0,0,0,0,1,1,0,24,24,0,25,25,0,53,35,-19,301,297,-3,283,283,0,253,253,0,272,272,0,345,345,0,296,183,-113,149,146,-3
54402,GUINEA-BISSAU,0,0,0,0,0,0,0,0,0,0,0,0,0,0,0,0,0,0,0,0,0,0,0,0,0,0,0,0,0,0,0,0,0,0,0,0,0,0,0,0,0,0,0,0,0,0,0,0,0,0,0,0,0,0
54607,REUNION,0,0,0,0,0,0,0,0,0,0,0,0,0,0,0,2,2,0,1,1,0,0,0,0,0,0,0,0,0,0,0,0,0,0,0,0,0,0,0,0,0,0,0,0,0,0,0,0,0,0,0,0,0,0
54704,ZIMBABWE,33,33,0,15,15,0,1,1,0,20,20,0,23,23,0,14,14,0,0,0,0,0,0,0,22,22,0,0,0,0,0,0,0,1,1,0,0,0,0,0,0,0,0,0,0,0,0,0,0,0,0,0,0,0
55018,RWANDA,0,0,0,0,0,0,0,0,0,0,0,0,0,0,0,0,0,0,0,0,0,0,0,0,0,0,0,0,0,0,0,0,0,0,0,0,0,0,0,3,3,0,0,0,0,2,2,0,0,0,0,0,0,0
55107,SAINT HELENA,0,0,0,0,0,0,0,0,0,0,0,0,0,0,0,0,0,0,0,0,0,0,0,0,0,0,0,0,0,0,0,0,0,0,0,0,0,0,0,0,0,0,0,0,0,0,0,0,0,0,0,0,0,0
55204,SAO TOME AND PRINCIPE,0,0,0,0,0,0,0,0,0,0,0,0,0,0,0,0,0,0,0,0,0,0,0,0,0,0,0,0,0,0,0,0,0,0,0,0,0,0,0,0,0,0,0,0,0,0,0,0,0,0,0,0,0,0
55301,SENEGAL,0,0,0,0,0,0,0,0,0,0,0,0,0,0,0,0,0,0,0,0,0,0,0,0,2,2,0,0,0,0,0,0,0,0,0,0,0,0,0,0,0,0,0,0,0,0,0,0,0,0,0,0,0,0
55409,SEYCHELLES,0,0,0,0,0,0,0,0,0,2,2,0,3,3,0,0,0,0,0,0,0,0,0,0,0,0,0,0,0,0,0,0,0,0,0,0,0,0,0,0,0,0,0,0,0,10,10,0,8,8,0,6,6,0
55506,SIERRA LEONE,0,0,0,0,0,0,0,0,0,0,0,0,0,0,0,0,0,0,0,0,0,0,0,0,0,0,0,0,0,0,0,0,0,0,0,0,0,0,0,0,0,0,0,0,0,0,0,0,0,0,0,0,0,0
55603,SOMALIA,0,0,0,0,0,0,0,0,0,0,0,0,0,0,0,0,0,0,0,0,0,0,0,0,0,0,0,0,0,0,0,0,0,0,0,0,0,0,0,0,0,0,0,0,0,0,0,0,0,0,0,0,0,0
55719,SOUTH AFRICA,297,552,254,289,530,242,346,576,230,268,331,63,919,1161,242,629,880,251,678,2343,1665,1103,5449,4345,1895,6396,4501,2184,8240,6055,1949,7242,5293,1800,6941,5142,1742,6754,5012,1433,6663,5230,1449,7636,6188,3021,8747,5726,2843,9590,6748,2409,9468,7059
56006,WESTERN SAHARA,0,0,0,0,0,0,0,0,0,0,0,0,0,0,0,0,0,0,0,0,0,0,0,0,0,0,0,0,0,0,0,0,0,0,0,0,0,0,0,0,0,0,0,0,0,0,0,0,0,0,0,0,0,0
56103,SUDAN,0,0,0,0,0,0,0,0,0,0,0,0,0,0,0,0,0,0,0,0,0,0,0,0,0,0,0,0,0,0,0,0,0,0,0,0,0,0,0,0,0,0,0,0,0,0,0,0,0,0,0,0,0,0
56219,SWAZILAND,3,3,0,1,1,0,3,3,0,0,0,0,0,0,0,0,0,0,0,0,0,0,0,0,0,0,0,0,0,0,0,0,0,0,0,0,0,0,0,0,0,0,0,0,0,0,0,0,0,0,0,0,0,0
56405,TANZANIA,0,0,0,0,0,0,0,0,0,0,0,0,0,0,0,0,0,0,0,0,0,0,0,0,0,0,0,0,0,0,0,0,0,239,239,0,0,0,0,0,0,0,271,271,0,267,267,0,262,262,0,0,0,0
56502,TOGO,0,0,0,0,0,0,0,0,0,0,0,0,0,0,0,0,0,0,0,0,0,0,0,0,0,0,0,0,0,0,0,0,0,0,0,0,0,0,0,0,0,0,0,0,0,0,0,0,24,24,0,7,7,0
56707,TUNISIA,875,875,0,343,343,0,256,256,0,263,263,0,236,236,0,10,10,0,19,19,0,26,26,0,0,0,0,20,20,0,1,1,0,376,376,0,0,0,0,437,437,0,510,510,0,707,707,0,788,788,0,540,540,0
56804,UGANDA,0,0,0,0,0,0,0,0,0,0,0,0,0,0,0,1,1,0,0,0,0,0,0,0,1,1,0,0,0,0,0,0,0,81,81,0,74,70,-4,13,13,0,0,0,0,0,0,0,2,2,0,10,13,3
57002,EGYPT,0,10,10,10,10,0,1,625,623,140,800,660,126,984,858,43,496,453,35,746,711,45,541,496,27,0,-27,17,0,-17,29,0,-29,1,1,0,1,1,0,6,6,0,1,1,0,20,20,0,127,98,-29,149,91,-57
57118,BURKINA FASO,0,0,0,0,0,0,0,0,0,0,0,0,0,0,0,0,0,0,0,0,0,0,0,0,0,0,0,0,0,0,0,0,0,0,0,0,0,0,0,0,0,0,0,0,0,0,0,0,0,0,0,0,0,0
57207,ZAMBIA,0,0,0,0,0,0,1,1,0,0,0,0,2,2,0,1,1,0,1,1,0,1,1,0,0,0,0,2,2,0,0,0,0,1,1,0,0,0,0,2,2,0,1,1,0,1,1,0,0,0,0,3,1,-2
60089,AUSTRALIA,23940,24001,61,33735,34264,529,43447,44645,1198,57202,60030,2828,66639,71254,4615,69559,72070,2512,95469,91758,-3712,105796,101877,-3918,119789,115349,-4440,122541,116922,-5618,121475,116017,-5457,113427,110131,-3296,101079,97247,-3832,97510,95864,-1646,101397,98419,-2978,100390,96904,-3486,110543,105653,-4890,110558,103960,-6598
60119,WALLIS AND FUTUNA,0,0,0,0,0,0,0,0,0,0,0,0,0,0,0,0,0,0,0,0,0,0,0,0,0,0,0,0,0,0,0,0,0,0,0,0,0,0,0,0,0,0,0,0,0,0,0,0,0,0,0,0,0,0
60208,BRITISH INDIAN OCEAN TERRITORY,0,0,0,0,0,0,0,0,0,0,0,0,0,0,0,0,0,0,0,0,0,0,0,0,0,0,0,0,0,0,0,0,0,0,0,0,0,0,0,0,0,0,0,0,0,0,0,0,0,0,0,0,0,0
60305,FEDERATED STATES OF MICRONESIA,0,0,0,0,0,0,0,0,0,0,0,0,0,0,0,0,0,0,0,0,0,0,0,0,0,0,0,0,0,0,0,0,0,0,0,0,0,0,0,0,0,0,0,0,0,0,0,0,0,0,0,0,0,0
60402,COOK ISLANDS,0,0,0,0,0,0,0,0,0,0,0,0,0,0,0,0,0,0,0,0,0,0,0,0,0,0,0,0,0,0,0,0,0,0,0,0,0,0,0,0,0,0,0,0,0,0,0,0,0,0,0,0,0,0
60518,TUVALU,0,0,0,0,0,0,0,0,0,0,0,0,0,0,0,0,0,0,0,0,0,0,0,0,0,0,0,0,0,0,0,0,0,0,0,0,0,0,0,0,0,0,0,0,0,0,0,0,0,0,0,0,0,0
60526,KIRIBATI,0,0,0,0,0,0,0,0,0,0,0,0,0,0,0,0,0,0,0,0,0,0,0,0,0,0,0,0,0,0,0,0,0,0,0,0,0,0,0,0,0,0,0,0,0,0,0,0,0,0,0,0,0,0
60607,FIJI,0,0,0,0,0,0,0,0,0,0,0,0,0,0,0,0,0,0,0,0,0,0,0,0,0,0,0,0,0,0,0,0,0,0,0,0,0,0,0,0,0,0,0,0,0,0,0,0,0,0,0,0,0,0
60704,FRENCH POLYNESIA,0,0,0,0,0,0,0,0,0,0,0,0,0,0,0,0,0,0,0,0,0,0,0,0,0,0,0,0,0,0,0,0,0,0,0,0,0,0,0,0,0,0,0,0,0,0,0,0,0,0,0,0,0,0
61204,MARSHALL ISLANDS,237,40,-197,738,0,-738,498,115,-383,680,117,-564,490,3,-488,275,3,-271,1039,257,-782,1762,824,-938,1575,910,-665,2220,1398,-822,3070,1946,-1124,3739,2085,-1655,2631,1383,-1249,2621,1431,-1190,2664,1510,-1155,3183,2219,-964,2756,1587,-1170,2608,1545,-1063
61301,NAURU,0,0,0,0,0,0,0,0,0,0,0,0,0,0,0,0,0,0,0,0,0,0,0,0,0,0,0,0,0,0,0,0,0,0,0,0,0,0,0,0,0,0,0,0,0,0,0,0,0,0,0,0,0,0
61409,NEW CALEDONIA,0,0,0,0,0,0,0,0,0,0,0,0,0,0,0,0,0,0,0,0,0,0,0,0,0,0,0,0,0,0,0,0,0,0,0,0,0,0,0,0,0,0,0,0,0,0,0,0,0,0,0,0,0,0
61603,VANUATU,0,0,0,0,0,0,0,0,0,0,0,0,0,0,0,0,0,0,0,0,0,0,0,0,0,0,0,0,0,0,0,0,0,0,0,0,0,0,0,0,0,0,0,0,0,0,0,0,0,0,0,0,0,0
61689,NEW ZEALAND,2097,2074,-22,1781,1783,2,2348,1956,-392,2306,2147,-158,2334,2329,-4,4840,3369,-1471,3380,3429,48,4113,3980,-133,7079,4835,-2245,4843,4870,27,3833,3785,-47,4908,6120,1212,5585,5820,236,5887,5887,0,6084,6837,753,7007,8028,1021,9082,9057,-26,9477,9428,-48
61751,PAPUA NEW GUINEA,0,0,0,0,0,0,0,0,0,0,0,0,0,0,0,0,0,0,0,0,0,0,0,0,0,0,0,0,0,0,0,0,0,0,0,0,0,0,0,0,0,0,0,0,0,8,8,0,0,0,0,0,0,0
61808,NIUE,0,0,0,0,0,0,0,0,0,0,0,0,0,0,0,0,0,0,0,0,0,0,0,0,0,0,0,0,0,0,0,0,0,0,0,0,0,0,0,0,0,0,0,0,0,0,0,0,0,0,0,0,0,0
62103,PITCAIRN ISLANDS,0,0,0,0,0,0,0,0,0,0,0,0,0,0,0,0,0,0,0,0,0,0,0,0,0,0,0,0,0,0,0,0,0,0,0,0,0,0,0,0,0,0,0,0,0,0,0,0,0,0,0,0,0,0
62219,SAINT PIERRE AND MIQUELON,0,0,0,0,0,0,0,0,0,0,0,0,0,0,0,0,0,0,0,0,0,0,0,0,0,0,0,0,0,0,0,0,0,0,0,0,0,0,0,0,0,0,0,0,0,0,0,0,0,0,0,0,0,0
62308,SOLOMON ISLANDS,0,0,0,0,0,0,0,0,0,0,0,0,0,0,0,0,0,0,0,0,0,0,0,0,0,0,0,0,0,0,0,0,0,0,0,0,0,0,0,0,0,0,0,0,0,0,0,0,0,0,0,0,0,0
62405,TOKELAU ISLANDS,0,0,0,0,0,0,0,0,0,0,0,0,0,0,0,0,0,0,0,0,0,0,0,0,0,0,0,0,0,0,0,0,0,0,0,0,0,0,0,0,0,0,0,0,0,0,0,0,0,0,0,0,0,0
62448,TONGA,0,0,0,0,0,0,0,0,0,0,0,0,0,0,0,0,0,0,0,0,0,0,0,0,0,0,0,0,0,0,0,0,0,0,0,0,0,0,0,0,0,0,0,0,0,0,0,0,0,0,0,0,0,0
62502,PALAU,0,0,0,0,0,0,0,0,0,0,0,0,0,0,0,0,0,0,0,0,0,0,0,0,0,0,0,0,0,0,0,0,0,0,0,0,0,0,0,0,0,0,0,0,0,0,0,0,0,0,0,0,0,0
62618,SAMOA,0,0,0,0,0,0,0,0,0,0,0,0,0,0,0,0,0,0,0,0,0,0,0,0,0,0,0,0,0,0,0,0,0,0,0,0,0,0,0,0,0,0,0,0,0,0,0,0,0,0,0,0,0,0
79995,TOTAL INTERNATIONAL & REGIONAL ORGANIZATIONS,17187,17199,12,17789,17808,19,18965,18996,31,19042,19042,0,22182,22182,0,20391,20391,0,40238,40238,0,41412,41412,0,45880,46137,257,50306,50456,150,53913,54283,370,58230,58223,-7,54564,54446,-118,70622,70607,-15,81675,81675,0,75687,76472,785,86727,87475,748,108403,108516,113
99996,GRAND TOTAL,559454,559455,1,676647,676647,0,735765,735765,0,972950,972950,0,1216969,1216969,0,962297,962297,0,1214077,1214077,0,1273483,1273483,0,1442938,1442938,0,1574292,1574292,0,1664453,1664453,0,1842198,1842198,0,1737111,1737111,0,1832913,1832913,0,2098013,2098013,0,2192427,2192427,0,2392097,2392097,0,2562635,2562635,0
